{
  "title": "Data advocacy",
  "displayTitle": "Data advocacy",
  "_latestTrackingId": 11,
  "_learningOutcomes": [
    {
      "outcome": "Define open data",
      "credits": 5,
      "badge": "explorer"
    },
    {
      "outcome": "Evaluate how to customise the definition of open data for different communities and requirements",
      "credits": 10,
      "badge": "explorer"
    },
    {
      "outcome": "Understand the operational and financial value of data to your organisation",
      "credits": 10,
      "badge": "strategy"
    },
    {
      "outcome": "Create a tailored pitch for the value of open data to your business",
      "credits": 10,
      "badge": "strategy"
    },
    {
      "outcome": "Deliver an open data pitch to a group of senior decision makers",
      "credits": 15,
      "badge": "strategy"
    },
    {
      "outcome": "Evaluate open data pitches for accuracy and effectiveness",
      "credits": 20,
      "badge": "strategy"
    }
  ],
  "_resources": [
    {
      "title": "Modules",
      "description": "Switch to another module",
      "_filterButtons": {
        "all": "All",
        "document": "PDF",
        "media": "Media",
        "link": "Link"
      },
      "_resourcesItems": []
    },
    {
      "title": "Resources",
      "description": "View additional module resources",
      "_filterButtons": {
        "all": "All",
        "document": "PDF",
        "media": "Media",
        "link": "Link"
      },
      "_resourcesItems": [
        {
          "_type": "link",
          "title": "David Eaves article",
          "description": "Take me to David Eaves article",
          "_link": "http://eaves.ca/2010/04/14/case-study-open-data-and-the-public-purse/"
        },
        {
          "_type": "link",
          "title": "Follow the Money",
          "description": "Take me to Follow the Money",
          "_link": "http://followthemoneyng.org/"
        },
        {
          "_type": "link",
          "title": "Transport for London",
          "description": "Take me to Transport for London",
          "_link": "http://www.tfl.gov.uk/"
        },
        {
          "_type": "link",
          "title": "Thomson Reuters",
          "description": "Take me to Thomson Reuters",
          "_link": "http://site.thomsonreuters.com/site/data-identifiers/"
        },
        {
          "_type": "link",
          "title": "ODI annual report",
          "description": "Take me to The ODI annual report",
          "_link": "http://theodi.org/odis-second-year-annual-report"
        },
        {
          "_type": "link",
          "title": "United Nations news centre",
          "description": "Take me to the United Nations news centre",
          "_link": "http://www.un.org/apps/news/story.asp?NewsID=13077&Cr=natural&Cr1=disaster#.VVyWK_lVhBc"
        },
        {
          "_type": "link",
          "title": "Better Choices Better Deals report",
          "description": "Take me to Better Choices Better Deals report",
          "_link": "https://www.gov.uk/government/uploads/system/uploads/attachment_data/file/39386/12-1324-better-choices-better-deals-report-on-progress-on-the-consumer-empowerment-strategy.pdf"
        }
      ]
    },
    {
      "title": "Credits and attribution",
      "description": "View attribution for licensed content",
      "_filterButtons": {
        "all": "All",
        "document": "PDF",
        "media": "Media",
        "link": "Link"
      },
      "_resourcesItems": [
        {
          "_type": "link",
          "title": "What is open data?",
          "description": "Source: Shutterstock<br/>Credit: leromin<br/>Licence: Shutterstock Standard License",
          "_link": "http://www.shutterstock.com/pic.mhtml?id=179384507&src=lb-35924366"
        },
        {
          "_type": "link",
          "title": "Data in knowledge triangle",
          "description": "Source: Shutterstock<br/>Credit: Anna Frajtova<br/>Licence: Shutterstock Standard License",
          "_link": "http://www.shutterstock.com/pic.mhtml?id=240789808&src=lb-35924366"
        },
        {
          "_type": "link",
          "title": "Information in knowledge triangle",
          "description": "Source: Shutterstock<br/>Credit: Sachezi<br/>Licence: Shutterstock Standard License",
          "_link": "http://www.shutterstock.com/pic.mhtml?id=217763944&src=lb-35924366"
        },
        {
          "_type": "link",
          "title": "Knowledge in knowledge triangle",
          "description": "Source: Shutterstock<br/>Credit: Oleksiy Mark<br/>Licence: Shutterstock Standard License",
          "_link": "http://www.shutterstock.com/pic.mhtml?id=250810483&src=lb-35924366"
        },
        {
          "_type": "link",
          "title": "What makes data open?",
          "description": "Source: Shutterstock<br/>Credit: Oleksiy Mark<br/>Licence: Shutterstock Standard License",
          "_link": "http://www.shutterstock.com/pic.mhtml?id=154744388&src=lb-35924366"
        },
        {
          "_type": "link",
          "title": "Transforming government",
          "description": "Source: Shutterstock<br/>Credit: Pretty Vectors<br/>Licence: Shutterstock Standard License",
          "_link": "http://www.shutterstock.com/pic-255896113"
        },
        {
          "_type": "link",
          "title": "Building new business opportunities",
          "description": "Source: Shutterstock<br/>Credit: Sergey Nivens<br/>Licence: Shutterstock Standard License",
          "_link": "http://www.shutterstock.com/pic.mhtml?id=149924576&src=lb-35924366"
        },
        {
          "_type": "link",
          "title": "Protecting our planet",
          "description": "Source: Shutterstock<br/>Credit: surassawadee<br/>Licence: Shutterstock Standard License",
          "_link": "http://www.shutterstock.com/pic-185008832"
        },
        {
          "_type": "link",
          "title": "Summary icon clipboard",
          "description": "Source: Shutterstock<br/>Credit: Kritchanut<br/>Licence: Shutterstock Standard License",
          "_link": "http://www.shutterstock.com/pic-189810137.html"
        },
        {
          "_type": "link",
          "title": "Open data institute logo",
          "description": "Source: The Open Data Institute<br/>Credit: The Open Data Institute<br/>Licence: All rights reserved",
          "_link": "http://theodi.org"
        },
        {
          "_type": "link",
          "title": "Your World - Delicate Beats",
          "description": "Source: Premium Beat<br/>Credit: leromin<br/>Licence: Premium Beat Standard License",
          "_link": "http://www.premiumbeat.com/royalty_free_music/songs/your-world"
        }
      ]
    },
    {
      "title": "Open data",
      "description": "Use the content of this module as open data",
      "_filterButtons": {
        "all": "All",
        "document": "PDF",
        "media": "Media",
        "link": "Link"
      },
      "_resourcesItems": [
        {
          "_type": "link",
          "title": "<div align='center'><img class='download-image' src='adapt/css/assets/download.png'><p class='downloadp'>Download module data</p></div>",
          "description": "",
          "_link": "course/en/components.json"
        },
        {
          "_type": "link",
          "title": "<div align='center'><img class='download-image' src='adapt/css/assets/download.png'><p class='downloadp'>Download sidebar data</p></div>",
          "description": "",
          "_link": "course/en/course.json"
        },
        {
          "_type": "link",
          "title": "<div align='center'><img class='download-image' src='adapt/css/assets/download.png'><p class='downloadp'>Download scorm package</p></div>",
          "description": "",
          "_link": "course/en/data/scorm.zip"
        },
        {
          "_type": "link",
          "title": "Open data certificate",
          "description": "<span class='open-data-certificate'><img alt='Badge' src='adapt/css/assets/badge.png'/><ul class='open-data-certificate-details'> <li> <span>Open: ODI eLearning Data</span> </li> <li> <span>Pilot Open Data Certificate (final)</span> </li> <li> <span>Active - self certified</span> </li> </ul> </span>",
          "_link": "https://certificates.theodi.org/datasets/25215/certificate"
        },
        {
          "_type": "link",
          "title": "Open licence",
          "description": "<div align='center'><img alt='Creative Commons Licence' style='border-width:0' src='adapt/css/assets/licence.png' /></div><br /><span xmlns:dct='http://purl.org/dc/terms/' property='dct:title'>Learning open data</span> by <span xmlns:cc='http://creativecommons.org/ns# property='cc:attributionName'>Open Data Institute</span> is licensed under a Creative Commons Attribution-ShareAlike 4.0 International License.",
          "_link": "http://creativecommons.org/licenses/by-sa/4.0/"
        },
        {
          "_type": "link",
          "title": "Content usage",
          "description": "The content, including text and structure is available for you to <em>use</em>, <em>reuse</em> and <em>share</em> (including for commercial purposes) subject to the conditions of the license above.",
          "_link": ""
        },
        {
          "_type": "link",
          "title": "Exclusions",
          "description": "This license does not cover: <ul><li>Logos and trade marks belonging to the Open Data Institute</li><li>Third party content (such as images)</li></ul>",
          "_link": ""
        },
        {
          "_type": "link",
          "title": "Non-endorsement",
          "description": "This licence does not grant you any right to use the Information in a way that suggests any official status or that the Information Provider and/or Licensor endorse you or your use of the Information.",
          "_link": ""
        },
        {
          "_type": "link",
          "title": "No warranty",
          "description": "The Information is licensed 'as is'. The Open Data Institute is not liable for any errors or omissions in the Information and shall not be liable for any loss, injury or damage of any kind caused by its use. The Information Provider does not guarantee the continued supply of the Information.",
          "_link": ""
        }
      ]
    },
    {
      "title": "About",
      "description": "Discover about how these modules were created.",
      "_filterButtons": {
        "all": "All",
        "document": "PDF",
        "media": "Media",
        "link": "Link"
      },
      "_resourcesItems": [
        {
          "_type": "link",
          "title": "ODI Training Team",
          "description": "<div align='center'><img alt='ODI' style='border-width:0' src='adapt/css/assets/odi-logo.png' /></div><br />Expert knowledge, content development and learning plans provided by the by <span xmlns:cc='http://creativecommons.org/ns# property='cc:attributionName'>Open Data Institute</span> training team.",
          "_link": "http://theodi.org/training_team"
        },
        {
          "_type": "link",
          "title": "Sponge UK",
          "description": "<div align='center'><img alt='Sponge UK' style='border-width:0' src='adapt/css/assets/sponge.png' /></div><br />Learning solutions and eLearning expertise provided by <span xmlns:cc='http://creativecommons.org/ns# property='cc:attributionName'>Sponge UK</span>.",
          "_link": "http://www.spongeuk.com"
        },
        {
          "_type": "link",
          "title": "Adapt learning",
          "description": "<div align='center'><img alt='Adapt learning' style='border-width:0' src='adapt/css/assets/adapt.png' /></div><br />Open source learning platform developed by <span xmlns:cc='http://creativecommons.org/ns# property='cc:attributionName'>Adapt learning</span>.",
          "_link": "https://community.adaptlearning.org/"
        }
      ]
    }
  ],
  "_id": "course",
  "_type": "course",
  "format": "eLearning",
  "_buttons": {
    "submit": "Submit",
    "reset": "Reset",
    "showCorrectAnswer": "Model Answer",
    "hideCorrectAnswer": "My Answer"
  }
}